Cultivar,Tree,Pit,View,FileName,Area,Circularity,ConvexArea,Eccentricity,EquivDiameter,MajorAxisLength,MaxFeretDiameter,MinorAxisLength,MinFeretDiameter,OrthogonalDiameter,MaxFeretDiameterControl,Perimeter,Solidity,FormFactor,Roundness,Compactness,AspectRatio,a01,a02,a03,a04,a05,a06,a07,a08,b01,b02,b03,b04,b05,b06,b07,b08,c01,c02,c03,c04,c05,c06,c07,c08,d01,d02,d03,d04,d05,d06,d07,d08
PIMA,a,1,VD,PIMA_a_001_VD.png,1.11015179383469,0.827325230423208,930.039095751616,0.820626437926709,1.18890250423195,1.57667456785265,1.69427180119263,0.901014336264342,0.923135556402601,0.924963463408501,1398.16343822888,4.10256232275115,0.985092497651567,0.828861284627764,0.568601968451335,0.754057006101883,1.83171754152237,1,0.0100067761642392,0.0625448656283144,0.00186739403757664,0.0226292333436284,-0.00347277839670593,0.0116488104339736,-0.00463100310285873,-9.71445146547012e-17,-0.00935881892606382,0.00366498100619387,-0.0123064075010402,0.00124888584707743,-0.0100485396411559,0.00110283470456859,-0.00714259827215326,1.49186218934005e-16,-0.0179225108275817,-0.000690081301591825,-0.00727276539314692,0.00126400534291009,-0.00450888013931477,0.00190549227143725,0.000436963837506809,0.628925547616999,0.00203672090049454,0.0175593398263116,0.015289380355834,0.00130937810477227,0.00562009975158639,-0.00301460873171306,0.00421697954509913
PIMA,a,1,VL,PIMA_a_001_VL.png,1.07689529675913,0.802618021459099,901.078862916723,0.834493260930118,1.17095929791476,1.58353661206693,1.7251639718999,0.87255740845045,0.900762227890912,0.90277361156859,1423.41877183069,4.10236602326499,0.986294314534186,0.804108274338495,0.546798583759741,0.739458304273974,1.91095968002696,1,0.00548791018330381,0.0753268409189183,0.00381349167521298,0.0249935305418605,0.000853373061292416,0.0130766935887102,-0.000986463961782823,9.71445146547012e-17,-0.0117121045881157,0.00689960538668691,-0.0142667279657284,0.00189480121743322,-0.0116286615073223,0.0046192014506218,-0.00808064093972004,-1.70002900645727e-16,-0.0242530969776096,0.0123376593168088,-0.00697791417449439,0.00703709258768413,-0.00227934295381162,0.00342769411696086,0.000473388151756835,0.608294477941816,0.0125391383026262,0.00970860815062627,0.00509247059298825,-2.35912095801027e-05,0.00495814355885887,0.00363913572576416,0.000920661962182575
PIMA,a,2,VD,PIMA_a_002_VD.png,0.872251111642132,0.882481646378116,729.143535818756,0.745705825401549,1.05384278157701,1.29309961617003,1.39533724079402,0.861560379886878,0.886216612625363,0.889480278300459,1151.37700168103,3.52049314762562,0.987243660052514,0.884391151973288,0.664182891668303,0.814974166258234,1.56871071212517,1,0.0108675262033714,0.0574424498165491,0.000152631507274575,0.0185586235681689,0.000286026667669163,0.00815065658846821,0.000475633176260545,1.04083408558608e-17,0.00384037837617529,-0.00093182153132992,0.00479178371301121,-0.00579397984559091,0.00473011274600305,-0.00413238484613398,0.00461352737368237,-3.46944695195361e-18,0.00381665881042236,-0.00624065559228137,0.00817895109883272,-0.00376566644197689,-0.000200398922526417,-0.00374678948327944,0.00330105713649349,0.716079254910411,0.0100466762264517,0.00788440795872676,0.00779241306849396,-0.000340463042247182,0.000926688669188284,-0.00230500914667396,0.00182081175044921
PIMA,a,2,VL,PIMA_a_002_VL.png,0.872195317077502,0.880589489523186,728.999340517193,0.74623204448943,1.05380907589368,1.29345335203848,1.39007911369506,0.861033676556348,0.877057906348026,0.882698468182857,1147.0954624616,3.52416467505196,0.987375773119622,0.882492914729333,0.663777195560872,0.814725227031097,1.57480630566484,1,0.00553075723273657,0.0502405633413389,0.00296545154262403,0.0151350383338243,0.00405746660464838,0.00739719753668332,0.00682656126364612,1.04083408558608e-16,-0.00578853800390274,0.00811040988635272,-0.00779578669526205,0.00545851685533187,-0.00824340111353867,0.00464111907080154,-0.0078729898388238,-1.47451495458029e-16,-0.0134137048038407,0.01192753048993,-0.00703870434816636,0.0056436288450802,-0.00582502686733211,0.0033699053919044,-0.00285147773776311,0.715522134872621,0.0087729073663153,0.0155915067903758,0.00812496584032289,-0.0016120021050295,-0.00611558924905528,-0.00380669956235249,0.000870276431552081
PIMA,a,3,VD,PIMA_a_003_VD.png,0.969565642025083,0.952750676244483,806.615187965152,0.616647163409143,1.11107574748208,1.25278147451074,1.28918680496219,0.986239256941884,0.982709156029201,0.989103241439351,1063.86700296607,3.57224593190923,0.991988583017238,0.954782346733344,0.786568754509234,0.886887114862559,1.3033895259368,1,0.00864840390807005,0.0237277751649572,0.00130159363046818,0.00374427745828191,-0.00126517620278817,0.00161479657278667,-0.00272859480224313,-9.0205620750794e-17,0.00288586896882997,0.00398315838764986,-0.00192547425589907,0.000844808102543225,-0.00148521971715963,0.00151059628619721,-0.00246038352712879,9.71445146547012e-17,0.00354037248867889,0.00231342452273299,-0.00160847242666727,-0.00228763074612239,0.00106578327174051,-0.000405097434119893,-0.0028017018350787,0.827157710601498,-0.00212903357090681,0.0209481774812464,0.00864271363770871,-0.00395053411190164,-8.58489124761054e-05,-0.00395127553666437,0.0026991001104821
PIMA,a,3,VL,PIMA_a_003_VL.png,0.889049680429835,0.932355259788239,740.225974710301,0.696054179472252,1.06394229653559,1.25611371129533,1.28428983795416,0.901876155591713,0.89910011562721,0.918141069612222,1059.72449249793,3.45779606112591,0.991191482535203,0.934409281651155,0.717427857746236,0.84701113200845,1.39879358462483,1,0.00657326909682128,0.0375149736905654,0.00264460644573579,0.0107457933371821,0.0020068059271557,0.000420011795218,-0.000526237432342689,1.11022302462516e-16,0.00369015790953293,-0.000418039038217004,0.00320849959907181,-0.00252877675990618,0.00291057939838611,0.000657651675390893,-0.000293345297345492,-1.66533453693773e-16,0.00242923051697082,0.00146676702758542,-0.00381784848135393,0.00702297584047461,-0.00419444794092506,0.00475791315306751,-0.00555180924990247,0.768918898363369,0.00972044095003643,0.0223041544546215,0.00238991169068121,-0.000599723475431785,-0.000143478594102513,0.00285920097188483,0.00260378282528435
PIMA,a,4,VD,PIMA_a_004_VD.png,0.835047883258005,0.887037553889214,696.42695479189,0.759694150049913,1.03112365248378,1.28138931517506,1.34234491452917,0.833262553238927,0.832282213773386,0.832826665351568,1107.75899906072,3.43564814749594,0.989536138079827,0.889004343377515,0.647529116492738,0.804691938876449,1.61179387065196,1,-0.00382105131919186,0.0445064323415564,-0.0128282986755409,0.0118373413598895,-0.00986241074521982,0.00556027414628299,-0.00650766290975298,-1.04083408558608e-17,0.0122781250864781,-0.00416947517942202,0.00831688563984646,-0.00513686366259083,0.00400948852256114,-0.00386029816298467,0.00322912335924895,3.12250225675825e-17,0.0215554549714415,-0.00514794204751868,-0.00126693305488569,-0.00118283468426601,-0.000370083852376459,-0.00262914471009744,0.0012273857168349,0.705434776151717,0.0253248076205405,0.0286361265173823,0.013474325972866,-0.00170311034726664,0.00160173579856753,-0.00418763506605156,0.00168156938960475
PIMA,a,4,VL,PIMA_a_004_VL.png,0.812455489416874,0.884910400166025,676.733996464163,0.776700955817557,1.01707937618591,1.28342174368514,1.33373522519507,0.808388250904115,0.812888573693867,0.813365859702844,1100.54713665522,3.39287667056682,0.990780464396728,0.886897221475699,0.628016292016911,0.792474789515043,1.63977281476055,1,0.00030452683322974,0.055242667544117,-0.00751967610962783,0.0126601457172302,-0.00703823934684327,0.00435853485216208,-0.00269049031650831,9.71445146547012e-17,-0.0103898952346,0.00520425127678814,-0.00784574230649024,0.00284957813238637,-0.00662869298176581,6.55213690949699e-05,-0.00371235684855284,-1.31838984174237e-16,-0.0194231504005938,0.0079254101775096,-0.00349774912281948,0.00259990155418308,-0.00262305148336552,-0.00431561106751905,-4.45719439890199e-05,0.69517348035537,0.0177889531700584,0.030533121649582,0.0109060811375231,0.00203829089997887,-0.00122079148800555,1.46590761985043e-05,-0.0019456767143523
PIMA,a,5,VD,PIMA_a_005_VD.png,0.959328807693481,0.858054703435188,810.562988742394,0.74658504174015,1.10519472237202,1.35740586746277,1.4549611178914,0.90306854073977,0.906346483147654,0.912953559213807,1200.45074867735,3.74446601443465,0.976734590758716,0.859800243423986,0.662915479957333,0.814196217110674,1.59368579398973,1,0.0168645176654878,0.0489636385412227,-0.00518256242563737,0.014426755424444,-0.00964638631268702,0.0131875553282095,-0.00803182285776141,6.93889390390723e-17,-0.000469039915237083,0.00392913421088781,-0.00679666613578218,0.00333688357969194,-0.00898202634862546,0.00468241272552654,-0.0066417106480251,-1.11022302462516e-16,-0.0140770021716759,0.0041358031637964,-0.000871961565834206,0.000780139809327408,-0.00403012550491773,0.00217931367795529,0.00083581421912536,0.709694915212323,0.0351943093568665,0.0176347103305864,0.0210714320388544,-0.0137822251756832,0.00925684695194607,-0.00189851300424941,0.00225930670630535
PIMA,a,5,VL,PIMA_a_005_VL.png,0.90436969325484,0.823706026632235,763.750408193841,0.785458415400122,1.07307001472973,1.36916151668773,1.51240832194908,0.847393826331803,0.854911219679451,0.861447037043165,1248.12980094219,3.71062010549974,0.977215611613517,0.82539698331417,0.614252243038502,0.783742459637413,1.75566025177854,1,0.00638063429295225,0.0522636612763883,-0.00106430792739776,0.0180631665820688,0.00273651283436505,0.00857620091462819,0.00345731002233249,-1.17961196366423e-16,-0.0187949220768916,0.00478436174323224,-0.02036766829458,0.00530949547174099,-0.0161558376761369,0.00542162366912716,-0.0131005082279644,1.94289029309402e-16,-0.0338127918337761,0.0134938205242011,-0.00911585759391923,0.00865371607774859,-0.0039184628018385,0.00755746941875437,-0.00254639130750485,0.655422096495722,0.0313730403949918,0.00879453566831835,0.00843106379454579,-0.00712616144593113,0.00168259363035421,-0.00424627529594906,-0.00102150933695094
SAI,a,1,VD,SAI_a_001_VD.png,1.50221854652398,0.718082203676268,1239.4257192196,0.909559904094536,1.38299821340048,2.14843987879995,2.26707044977865,0.892833250416242,0.902692290833156,0.903008774527317,1855.80629377099,5.12341144456255,0.992216989964973,0.719158330291434,0.414378131778681,0.643722092038701,2.51057410927746,1,0.00457196128464893,0.0800256684272957,-0.00385152658788173,0.0248140821185889,-0.00555356753817867,0.0136227930316565,-0.00262433428495632,1.73472347597681e-17,0.00218271624694918,0.00405609994994667,-0.00097758652098908,-0.00144231296597561,-0.000540506237462835,-8.85148301522465e-05,-0.00065434543545083,-2.94902990916057e-17,-0.00690599309467493,-0.00274337768224467,-0.00209606827285737,0.000491378560788618,-0.00175400318095898,0.00118646498701936,-0.00171448152363189,0.486567565801379,0.0126813552339168,0.035490315526063,0.0206328170757029,0.00217279281267576,0.00191949641517839,-0.00106883282557742,0.000298466968039854
SAI,a,1,VL,SAI_a_001_VL.png,1.47939315796519,0.708625191981228,1220.85472085239,0.916824787032118,1.37245104500375,2.17648687334934,2.27571860958008,0.869048914332899,0.879347534699752,0.881470910486555,1862.93370789194,5.1181490712832,0.992004546532419,0.709688238493279,0.397632267718345,0.630580897045212,2.58172854317328,1,0.000360356401643769,0.0806389312994479,-0.00758348680662985,0.0267523482742345,-0.00564644152764164,0.0135103577982339,-0.00301737654964874,-6.15826833971767e-17,1.16659421446893e-05,-0.00319457551371607,0.00100498797696719,0.00162101652162319,-0.000570480826385877,-0.00015814683176037,-0.000947066524659036,1.30754782001752e-16,0.00160663556968303,0.00468702448094076,0.00144815019242,0.000970084690519036,-0.00286781240687698,-0.00181933942928966,0.000975115319688818,0.472617717341442,0.0282517918625215,0.0377044304675458,0.0126503656463429,0.00817368690792237,-0.00131006819396918,-3.8538608757009e-05,-0.000778392787520779
SAI,a,2,VD,SAI_a_002_VD.png,1.22957027246763,0.713813307277301,1025.9710084598,0.901089720282178,1.25121440766024,1.90630125340733,2.05288162069316,0.826634554016762,0.823314668124657,0.834772765436805,1680.52015757027,4.64869358167639,0.981097817247944,0.71499232074326,0.430804673878637,0.656357123735728,2.45921010566146,1,0.000414510118626394,0.0721761018548417,-0.00178630886506753,0.0263936420475529,-0.000194983496256473,0.0154420782640328,0.00339070521653729,-5.55111512312578e-17,0.0116269352960213,-0.00241238045293552,0.0080508896137619,-0.00435675155625472,0.00274763997089858,-0.00415162966843173,0.00203178436458695,1.05818132034585e-16,0.0206067742304919,-0.0082265416204218,-0.00248549785840744,-0.00535164440200628,-0.00183798225465519,-0.00344243538161104,0.00133763803531477,0.495466148647012,-0.00339661128207152,0.0304473045544975,0.00389527118673836,-0.0075757426960811,-0.00783664082976087,-0.00394556720426609,-0.00219785934822286
SAI,a,2,VL,SAI_a_002_VL.png,1.28804606198392,0.734441191829332,1068.17626824967,0.901515578749642,1.28062140445891,1.95011596783636,2.06082242162162,0.843906148104234,0.840400084652029,0.841191713846126,1687.06668510762,4.69069240203167,0.987148552125097,0.735643410625849,0.431241587418482,0.656689871566847,2.44988435775129,1,0.00086678581993464,0.0716137242095047,-7.61796749544726e-05,0.0228670057465951,-0.00194789769942184,0.0148117655045284,0.000289779128002795,-6.93889390390723e-17,-0.00101634721321531,-0.00123237561863782,-0.00270991162503447,0.00173619715718881,-0.00281664825678717,0.000776877123333929,-0.00232295941107923,1.30104260698261e-16,-0.00568773212160326,0.00132314276311209,-0.00414621692527315,0.00462184526984463,-0.00220312510472033,-0.00269350310021873,-0.00025900850131018,0.504238966277651,-0.0105158519155723,0.0421848817519762,0.00709422930600644,-0.00529069809458444,-0.0012419455603391,-0.00465066922634519,-0.00229564048670441
SAI,a,3,VD,SAI_a_003_VD.png,1.77233016891334,0.808959809045069,1466.83769021381,0.856210497067658,1.50219867440616,2.09445174628887,2.18264945953102,1.08205058094464,1.09154889326752,1.09250935755023,1786.73557081063,5.24319517802888,0.989137377531093,0.810144419740431,0.514415481636218,0.71722763585644,1.99783136359148,1,-0.00114033677462353,0.0644696272568119,-0.00497409515075925,0.0183655692587419,-0.00450644147688549,0.0104878112641754,-0.00234545948748895,-1.38777878078145e-17,0.00754359980158948,0.00224644332074382,0.00832198120097433,-0.0052298613897776,0.00698796161521282,-0.00445855621622381,0.00796528628084165,-6.93889390390723e-18,0.0173511432844868,-0.00779094588407925,0.00122420880325636,-0.00825351110169704,0.00692765182990068,-0.00244798427551271,0.0031377300948587,0.588434078849237,0.0252520197039576,0.0396892741250222,0.00645915449068218,0.000291016081036279,0.00286559734639829,-0.00352851473383322,-0.00088578232808038
SAI,a,3,VL,SAI_a_003_VL.png,1.75161766197835,0.784017818260583,1449.24514147445,0.873156221340381,1.49339508318709,2.15084837775446,2.20544773878072,1.04841054710946,1.04838377321873,1.05442224170047,1805.40217126268,5.29476839062268,0.989444653758851,0.785154717946632,0.482091907947628,0.694328386246471,2.09161723981086,1,-0.00851882391302158,0.0632896201887417,-0.00577369108323788,0.0110336720405522,-0.00202076669584496,0.00241745073629886,-0.00401369181498134,-5.55111512312578e-17,-0.0192511813900895,0.00217516120065785,-0.0134791063175194,-0.0034885158416102,-0.0109725907077396,-3.13984450965667e-05,-0.00890304044418805,5.55111512312578e-17,-0.0348367000689085,-0.0147203759519876,-0.00672288708145395,0.00129577995424605,-0.00572661248957191,0.00629443245169379,-0.00145990041747694,0.561902108058108,0.0255932786041201,0.0500357275194633,-0.00649701238225083,0.00641581821996334,0.0038295243889372,0.00468575343039844,0.00285211247199063
SAI,a,4,VD,SAI_a_004_VD.png,1.52214618359025,0.635731732306131,1257.29555643028,0.935954854666349,1.39214105385008,2.3561594622315,2.51284945574479,0.829650922122153,0.8231490893482,0.823327970199227,2057.09139320546,5.4814091840531,0.991089844793665,0.636622202712002,0.349105846806572,0.590851797667208,3.05206375429798,1,0.00207948086903013,0.0828342209919076,-0.00414317863865266,0.0291684656655123,-0.00332269203970461,0.0155485361255205,-0.000925841081401601,3.46944695195361e-17,-0.0110724869829393,0.00486003951285819,-0.0104264115066324,0.00172096062024547,-0.0057347052677554,-2.49125326239434e-05,-0.00493233569698463,-7.28583859910259e-17,-0.0283433659380574,0.000509960124933062,-0.0029113960507162,-0.000990700593717818,-0.000446496973492323,-0.00452735507738173,-0.00192752076852507,0.415435545140167,0.014615679445341,0.0330996484204357,0.010020112528134,0.00069095503663096,-0.00179716021368501,-0.000367719009262533,-0.000666508988100429
SAI,a,4,VL,SAI_a_004_VL.png,1.56101664001678,0.613096941679974,1299.02197445471,0.933816322296794,1.40980428289142,2.40137520853911,2.53893715683813,0.859098739288507,0.846488701633362,0.863441647063456,2078.35151021188,5.65261465975886,0.983750754630753,0.613929688514232,0.344665334724559,0.587082051100661,2.94048493661731,1,-0.00249321822377491,0.0789742080421253,-0.00467548730028071,0.0237249507201023,-0.00777131306150098,0.00963138156255568,-0.00542644370864594,-8.32667268468867e-17,0.0213703974268044,0.000495949756819027,0.0218476075333365,-2.57190376519809e-05,0.0141340760205162,0.00265043915494763,0.00987995815891592,2.22044604925031e-16,0.0757452026007482,0.0050402844737759,0.00905376231294568,0.00321095077950878,0.00283453739239258,0.00405079244944676,0.00141923937058685,0.412570660185039,0.0134339640719326,0.0391274912034639,0.0112452117230185,0.005859596621567,0.00191232804141843,0.000447633329741123,0.000344635140385417
SAI,a,5,VD,SAI_a_005_VD.png,1.9411428452035,0.671645287278684,1612.14906453247,0.916762370167738,1.57211317419988,2.49517770205877,2.7047270147288,0.996656424870893,1.01998182178648,1.02074227369355,2214.18991958685,6.02264207707091,0.985703602058839,0.672501490947421,0.396976366810407,0.630060605664572,2.64976486664136,1,0.00665965535115494,0.0802073495503096,-0.000765263655617455,0.0286362999141236,-0.00261162614668226,0.0148777843370634,-0.00269487502059204,9.71445146547012e-17,0.00627370821196432,-0.000824210510570928,0.00793361354218293,0.000460649688751568,0.00687815539225996,0.00125799431594906,0.00569025920930593,-1.59594559789866e-16,0.0242626663844761,0.00264394355627315,0.00927153091655199,0.00293878222567904,0.00544801103880974,-0.00101415231710219,0.00164972310641787,0.459100733362734,0.00149648689275388,0.024436093261991,0.0135610900261706,-5.21789141768428e-05,0.00335577810802741,-0.000846761274139146,0.00326193307234786
SAI,a,5,VL,SAI_a_005_VL.png,2.00890427196901,0.686276007595683,1665.84530515772,0.913491282700329,1.59931746712726,2.52465968290741,2.68227110682367,1.02717874713667,1.02374777113048,1.03852632771743,2195.79279532473,6.06122304217187,0.987230619528338,0.687145291897178,0.401294928759985,0.633478435907636,2.58276659458313,1,0.00474602712432062,0.0760790513653501,-0.00349817662009014,0.022185884043698,-0.00368577520885982,0.0104703540477852,-0.00043226443558727,5.55111512312578e-17,0.0211334533189981,-0.00509558366771093,0.0167723647769539,-0.00442164599191755,0.0106835146989493,-0.00247244807031939,0.00910815978467581,-1.00613961606655e-16,0.0419165492688194,-0.013226007289201,0.00512907537391985,-0.00240198415777802,0.0014334894880095,-0.000437597529006333,0.00284386078376882,0.472644361179251,-0.000479712139993277,0.0373041240345258,0.0102238656857701,0.00171596660888973,-0.00207298613261377,-0.0012404301678162,-0.00562908411062872
SHA,b,1,VD,SHA_b_001_VD.png,1.52962128368028,0.787232439,1293.6222090713,0.856039443,1.39555519614342,1.94839976194296,2.08102714166834,1.00714830829902,1.02886362917757,1.03348641134828,1736.466527,4.9375830151021,0.986770548,0.788433304,0.513024258,0.716257117,2.01359894,1,-0.005440362,0.073576354,-0.010682469,0.02448251,-0.01043648,0.012501371,-0.006639087,0,0.005555967,0.001834179,0.007356803,-0.000255179,0.003525664,0.00076037,0.000551887,0,0.014126892,0.003351854,-0.001672868,0.001475934,-0.005353034,-0.000160499,-0.000189614,0.578440022,0.042429095,0.023558628,0.017173411,0.002583824,0.001765156,-0.002078471,0.000496589
SHA,b,1,VL-FIX,SHA_b_001_VL-FIX.png,1.528351958729,0.763568433,1292.66597730409,0.875061139,1.3949760396347,2.01845729988708,2.12501789510463,0.976958360735994,0.993378615307615,1.0045771711137,1773.342888,5.01148607025346,0.986681041,0.764716017,0.477633042,0.691110008,2.115335641,1,-0.000156193,0.073235716,-0.012810164,0.023942353,-0.007875064,0.007499819,-0.003149094,-2.78e-17,0.014854302,-0.007153905,0.010573916,-0.007859867,0.006197681,-0.005332605,0.005776912,7.63e-17,0.033277207,-0.01879877,0.00107384,-0.00665832,0.00397795,0.001232384,0.001016615,0.546722506,0.044354902,0.028306094,0.012810841,0.011103607,-0.005026184,0.004224665,-0.002343706
SHA,b,2,VD-FIX,SHA_b_002_VD-FIX.png,1.77840466646707,0.853672895,1501.86264637574,0.796506045,1.50477079522491,1.94030383047904,2.05034199378713,1.17316700080532,1.19673980332962,1.19698047260583,1711.014319,5.11275317131456,0.988189187,0.854930478,0.60145235,0.77553359,1.712928523,1,-0.001922058,0.060197043,-0.012120044,0.020807161,-0.01057445,0.008961189,-0.008666064,1.04e-16,-0.004991695,-0.000493091,-0.005418567,-0.001016607,-0.005784015,0.000163506,-0.005352099,-1.63e-16,-0.016599218,0.00417646,-0.004763528,0.004904672,-0.004821902,0.002144134,-0.001643457,0.66208524,0.030320286,0.018439303,0.014308706,0.002469379,0.002041649,0.000812797,-0.000270989
SHA,b,2,VL-FIX,SHA_b_002_VL-FIX.png,1.68882679646081,0.828430134,1422.12274293106,0.84267448,1.46638366779014,2.00313791816168,2.09953284701404,1.07853626000868,1.10290482602765,1.10678932789335,1752.045947,5.05762245559312,0.991032172,0.829663839,0.535887376,0.732043288,1.896957979,1,-0.00231779,0.068053771,-0.009788346,0.024229449,-0.008311937,0.008999415,-0.004299217,6.94e-17,0.002389694,-0.004391826,0.006967007,-0.001312058,0.003935879,-0.001904414,0.002673478,-1.04e-16,0.01833151,-0.004295395,0.003446341,-0.002917614,-0.001483217,-0.002134746,0.000306985,0.607225043,0.017164276,0.024918389,0.013934726,0.007689027,-0.002048495,0.003998328,-0.001728183
SHA,b,3,VD,SHA_b_003_VD.png,1.47837875026819,0.854795136,1245.56497219927,0.808214919,1.37198042471635,1.79226813827563,1.88536036482916,1.05544454295892,1.06075117224087,1.06558169396558,1573.256813,4.65817640655143,0.990510421,0.856177307,0.585989537,0.765499534,1.769325032,1,-0.008269385,0.058759015,-0.013457997,0.019138339,-0.008362047,0.009488917,-0.003638451,9.63e-17,0.010225595,-0.002554613,0.007281998,-0.007374941,0.003515425,-0.004373052,0.002209581,-1.45e-16,0.019181136,-0.00487268,-0.000498316,-0.004498351,-0.001912475,0.002819393,0.001481204,0.655358996,0.021871351,0.029848075,0.010743994,0.000110651,-0.002634566,0.000371352,-0.002282804
SHA,b,3,VL,SHA_b_003_VL.png,1.36871280778638,0.827872864,1155.9655762977,0.836531186,1.32011335557696,1.78916208180436,1.8789119248373,0.980316460968188,1.0053163178989,1.01714087071156,1567.964923,4.55428745698576,0.98811423,0.829242052,0.544406221,0.737838885,1.847248477,1,-0.000915081,0.068775239,-0.006562738,0.022057121,-0.005228281,0.011281286,-0.001071309,-6.25e-17,0.013263845,-0.005776546,0.011665667,-0.004434095,0.007114752,-0.002670559,0.00408573,1.14e-16,0.029526607,-0.010358142,0.002888925,-0.000775037,-0.001299862,0.000185644,-0.000768916,0.618897842,0.014013795,0.029752274,0.011932996,0.004199499,-0.004199678,-0.00139491,0.001984061
SHA,b,4,VD,SHA_b_004_VD.png,1.59967538517688,0.779966739,1349.63965600543,0.867515443,1.42715449680095,2.02853581495349,2.17774125900699,1.00901450543413,1.02709914382725,1.02735657843463,1817.330185,5.07295092271859,0.989130869,0.781124761,0.494967429,0.703539216,2.119752094,1,0.002475082,0.071317414,0.009506514,0.026087472,0.006257899,0.01346088,0.003302311,7.29e-17,-0.006088279,-0.001168088,-0.004477903,-0.001196404,-0.00238834,0.001331125,-0.003582297,-1.3e-16,-0.009891912,-0.005462791,0.000382212,0.004666049,-0.002128021,-0.00128047,-0.002443761,0.560111569,-0.025638169,0.024457635,-0.010643958,-0.000847551,0.000617976,-0.001169924,0.000963729
SHA,b,4,VL,SHA_b_004_VL.png,1.56492546080369,0.765756761,1314.80909362769,0.884346824,1.41156827009309,2.07329978961926,2.17345622987931,0.967879530861067,0.978508089612545,0.991648703008128,1813.725448,5.0638822986406,0.993277691,0.766895722,0.463531836,0.680831724,2.191760271,1,-0.001830682,0.076160766,0.00819872,0.022837962,0.007733655,0.010545082,0.003584596,8.33e-17,-0.012112452,-0.001492372,-0.009564395,-0.005767586,-0.004815356,-0.003922766,-0.003440286,-1.18e-16,-0.025103071,-0.012694444,-0.000729297,-0.002725608,-0.001294305,-0.002911872,-0.00036111,0.538040353,-0.028104724,0.034536342,-0.017445438,0.007524291,0.001713328,0.000176427,0.002292244
SHA,b,5,VD,SHA_b_005_VD.png,1.38489239325132,0.804665649,1169.3995541701,0.832490345,1.32789297803446,1.79524663966023,1.92412328655529,0.994637644933793,1.00596536859889,1.00615432227283,1605.595528,4.64679509160789,0.988309181,0.80596995,0.547114095,0.739671613,1.912354044,1,0.008082676,0.068092843,0.016575095,0.022763742,0.012174373,0.010736672,0.006964474,-6.94e-18,0.014519888,0.003864179,0.012226022,8.73e-05,0.006682067,0.00180564,0.003942725,6.94e-18,0.034649092,0.00139423,-0.000815568,0.001580336,-0.000667025,0.001908163,-0.000847259,0.607710821,-0.049619801,0.021120289,-0.017399058,-0.000823851,-8.1e-05,9.97e-05,0.002053353
SHA,b,5,VL,SHA_b_005_VL.png,1.31054785854837,0.793443087,1103.96478210001,0.861663126,1.29175901783517,1.82165470544269,1.91663121904721,0.924454598334859,0.945240739218932,0.949711999396244,1599.422708,4.55212814665429,0.990689112,0.794755955,0.502841235,0.709112991,2.018118356,1,0.0014849,0.071652223,0.011940095,0.023710711,0.008616612,0.009318643,0.00464892,-1.11e-16,-0.010148702,0.000482231,-0.009206779,-0.006619442,-0.005035024,-0.005054769,-0.003515833,2.01e-16,-0.026732421,-0.007574983,-0.004059856,-0.009175775,-0.0010454,0.002074601,0.002763079,0.571684219,-0.039731142,0.026248904,-0.013694678,0.008528937,0.001960117,0.000763327,0.001001671
