Project,Shape,Serial,FileName,Area,Circularity,ConvexArea,Eccentricity,EquivDiameter,MajorAxisLength,MaxFeretDiameter,MinorAxisLength,MinFeretDiameter,OrthogonalDiameter,MaxFeretDiameterControl,Perimeter,Solidity,FormFactor,Roundness,Compactness,AspectRatio,a01,a02,a03,a04,a05,a06,a07,a08,b01,b02,b03,b04,b05,b06,b07,b08,c01,c02,c03,c04,c05,c06,c07,c08,d01,d02,d03,d04,d05,d06,d07,d08
VAL,ELL,1,VAL_ELL_1.png,1.2036296875,0.883713216,964.22,0.831449257,1.237945441125,1.66081573625,1.6576762725,0.9227503785,0.91875,0.924197891,1326.099921,4.13317,0.998634907,0.885393273,0.555597275,0.745383978,1.793637801,1,-0.000374431,0.058609212,-4.54e-05,0.015314632,-3.22e-05,0.002767644,-5.74e-05,-6.59e-17,0.000111668,0.000501534,-4.41e-05,0.000258168,3.84e-05,-0.000151398,-0.000189713,9.71e-17,9.38e-05,-0.000265044,0.000125459,5.22e-05,0.000152117,4.94e-05,7.09e-05,0.637369367,-0.000260219,0.046352343,-6.83e-05,0.010230782,-3.38e-05,0.001681219,2.33e-05
VAL,ELL,10,VAL_ELL_10.png,1.692109375,0.729660989,1355.68125,0.923039323,1.46780808375,2.36649807625,2.362012185,0.9104050915,0.9075,0.91106266975,1889.58461,5.3943925,0.998529337,0.730723728,0.38470359,0.620244782,2.592590239,1,-4.96e-05,0.078851132,-3.37e-05,0.025065653,-3.25e-05,0.009315743,-2.23e-05,3.47e-17,-1.11e-05,-1.09e-06,-3.99e-06,3.26e-07,-6.32e-06,-2.43e-06,-5.91e-06,-7.55e-17,-2.99e-06,1.56e-06,4.98e-06,-6.94e-07,-1.02e-06,-8.96e-07,3.12e-06,0.470470648,-3.92e-05,0.049800698,-3.35e-06,0.016292433,7.58e-06,0.006199248,7.19e-06
VAL,ELL,2,VAL_ELL_2.png,1.18783125,0.865066524,951.68,0.848212391,1.229794177875,1.6898040475,1.687106435,0.8950152685,0.8925,0.895413050375,1349.653659,4.1499875,0.998513156,0.866704464,0.529653898,0.727773246,1.884165565,1,0.000109838,0.062203061,4.91e-05,0.016887697,3.62e-05,0.003676333,1.82e-05,-1.04e-16,-0.000128802,8.52e-06,4.74e-05,1.1e-05,-6.66e-06,1.29e-05,3.85e-05,1.7e-16,-7.11e-05,7.43e-06,-5.18e-05,2.69e-06,-6.05e-05,2.39e-06,1.04e-05,0.613497133,0.000142639,0.047691023,5.05e-05,0.011298592,1.58e-06,0.002175773,-1.29e-06
VAL,ELL,3,VAL_ELL_3.png,1.223203125,0.847328809,980.01125,0.862667484,1.247970588625,1.75480360125,1.7513013025,0.887529654125,0.88375,0.889122920375,1401.002855,4.255275,0.998521701,0.848893449,0.505768371,0.711173938,1.969695373,1,1.06e-05,0.064923719,3.93e-06,0.018323579,4.91e-06,0.004485198,4.07e-06,-1.28e-16,0.000213277,2.33e-05,-2.72e-05,2.6e-05,4.75e-05,2.92e-05,-2.05e-05,2.15e-16,-7.55e-05,-8.57e-05,-6.13e-05,-5.18e-05,-9.01e-06,-2.18e-05,1.36e-06,0.590910628,3.49e-05,0.04864397,3.23e-05,0.012270484,3.17e-05,0.002780216,2.23e-05
VAL,ELL,4,VAL_ELL_4.png,1.452475,0.829409953,1163.5875,0.875062767,1.35990757375,1.95471542625,1.95116792,0.94610075225,0.9425,0.94754064475,1560.900061,4.6871725,0.998618497,0.830800322,0.484007068,0.695706165,2.059191793,1,-0.000204859,0.06761135,-6.36e-06,0.019592838,4.06e-05,0.00529766,-2.27e-05,-9.71e-17,-0.000155917,0.000100425,-7.13e-05,-0.000219751,-6.7e-05,-3.42e-05,-5.44e-05,1.67e-16,0.000218239,0.000117494,0.000143723,9.1e-05,9.47e-05,-1.79e-05,5.72e-05,0.570080873,-3.2e-05,0.049352667,1.42e-05,0.013187755,3.8e-05,0.003407204,3.56e-05
VAL,ELL,5,VAL_ELL_5.png,1.3813125,0.811761058,1106.66375,0.88579858,1.32617559125,1.9467511875,1.94342642,0.90342863725,0.9,0.904123259,1554.710584,4.620275,0.998541788,0.813141553,0.46406751,0.681225007,2.149514904,1,0.000546698,0.070009688,6.32e-05,0.02050687,5.4e-05,0.006133203,-3.39e-05,6.94e-18,0.000287072,9.21e-05,2.47e-05,0.000112809,-3.71e-05,1.99e-05,-1.23e-05,-1.73e-18,-0.000117731,-0.000103964,3.36e-06,-5.31e-06,-4.64e-05,7.17e-05,-1.22e-05,0.550712543,0.000285905,0.049826854,6.98e-05,0.013940062,6.3e-05,0.003992166,3.89e-05
VAL,ELL,6,VAL_ELL_6.png,1.34974375,0.794217658,1081.4625,0.895201664,1.31093368125,1.96371947625,1.959630865,0.8751537445,0.8725,0.875897410875,1567.67503,4.6173375,0.998458106,0.795569178,0.445658864,0.66757686,2.237283545,1,0.000107816,0.072167388,1.41e-05,0.021637576,5.94e-05,0.007034438,9.12e-05,-6.59e-17,-0.000300784,-3.62e-05,-0.000250388,7.46e-05,-2.09e-05,-2.06e-05,-1.31e-05,1.2e-16,0.000192508,3.49e-05,4.2e-05,9.2e-05,-2.55e-05,9.31e-05,-1.74e-05,0.532632214,3.41e-05,0.0501408,6.12e-06,0.014574005,8.86e-06,0.004513061,-6.67e-05
VAL,ELL,7,VAL_ELL_7.png,1.4911171875,0.777198961,1194.7,0.903450864,1.377878575,2.1044538025,2.10075321375,0.902161784625,0.9,0.90298499875,1680.576092,4.9062225,0.998488114,0.778443615,0.428689752,0.654744036,2.326454167,1,-2.68e-05,0.074194317,-1.08e-05,0.022691086,-7.42e-06,0.007624222,-4.22e-06,3.47e-18,6.71e-05,-1.2e-05,-1.07e-05,-1.29e-05,1.87e-06,-1.33e-05,-1.88e-05,-6.94e-18,3.29e-05,5.05e-05,-9.66e-06,4.81e-05,2.31e-05,3.15e-05,-7.7e-06,0.515607713,-3.22e-05,0.050167679,-1.03e-05,0.015134006,1.11e-05,0.004950915,1.97e-05
VAL,ELL,8,VAL_ELL_8.png,1.4139625,0.76115813,1132.94875,0.910745204,1.34175741875,2.08793352125,2.08343766375,0.862251257125,0.86,0.86370738725,1666.720432,4.8276225,0.998429982,0.76239695,0.412966361,0.642624588,2.412203131,1,1.31e-05,0.075875968,6.59e-06,0.023496388,5.28e-06,0.008237694,6.51e-06,5.2e-17,1.95e-05,-1.32e-05,-1.71e-05,-1.27e-05,-7.47e-06,-1.57e-05,-1.83e-05,-9.97e-17,3.4e-05,4.95e-05,3.1e-05,4.5e-05,3.92e-05,2.18e-05,1.16e-05,0.499741551,2.82e-05,0.050214951,2.48e-05,0.015562786,2.07e-05,0.005424738,1.59e-05
VAL,ELL,9,VAL_ELL_9.png,1.7471515625,0.745281014,1399.6075,0.917237283,1.49149001375,2.36316374875,2.35843068875,0.941345646125,0.9375,0.9433106605,1886.716725,5.4237025,0.998652301,0.746360635,0.398339219,0.631141204,2.500163294,1,7.83e-05,0.077310998,5.27e-05,0.024426476,4.07e-05,0.008767913,2.34e-05,-5.12e-17,7.3e-06,1.85e-06,-3.89e-06,9.14e-07,-2.55e-06,1.7e-06,-1.68e-06,1.05e-16,-5.44e-06,5.2e-06,-9.51e-06,-2.18e-06,2.72e-06,3.48e-06,-1.2e-06,0.484554532,5.87e-05,0.049973105,2.43e-05,0.015956646,7.14e-06,0.005816787,-9.72e-06
VAL,JEL,1,VAL_JEL_1.png,0.4840375,0.351295992,503.18375,0.906554833,0.78504502175,1.27019837875,1.37808064,0.53613557725,0.613744085875,0.6185790265,1102.435939,4.15717,0.769559828,0.351959996,0.381984745,0.618049145,2.227816626,1,-0.017608131,0.115737895,-0.022540691,0.027665648,-0.041791779,0.008298074,-0.037061229,2.78e-17,-0.014696136,0.023196442,-0.035211775,0.008861477,-0.056104172,-0.014756819,-0.038765637,-2.78e-17,-0.020872316,0.006370489,-0.026549241,-0.024541102,-0.022227776,-0.007017059,0.02473227,0.507694837,0.022321976,0.045199965,0.028212186,0.0107074,0.017099454,0.011161192,-0.020585556
VAL,JEL,10,VAL_JEL_10.png,0.696509375,0.167000106,803.4625,0.937561677,0.941712949625,1.70454816375,1.96099623875,0.592874346125,0.70919882975,0.710044008375,1568.765438,7.2355975,0.693507787,0.167181428,0.305223895,0.552470719,2.761795348,1,-0.021486207,0.134836198,-0.004879104,0.056491643,0.00277502,0.065452309,-0.000760493,-1.04e-16,-0.028133495,-0.00957103,0.001777477,-0.019911086,0.012899763,-0.033616744,0.003624388,2.22e-16,-0.006772773,-0.003528142,0.015270533,-0.005603106,-0.003616252,-0.007402952,0.000206568,0.43885658,0.004165063,0.031595861,-0.006545905,-0.008808873,0.002252648,-0.01612872,-0.000741562
VAL,JEL,2,VAL_JEL_2.png,0.86371875,0.14483713,1013.83625,0.948367159,1.04867576875,1.996476025,2.19200001375,0.63323150075,0.79357129325,0.826940399625,1753.513616,8.65274875,0.681544973,0.144968627,0.275901631,0.525263392,2.650735186,1,-0.017219947,0.163940694,-0.024405207,0.060935223,-0.04342617,0.00122261,-0.070957882,-5.55e-17,0.005907446,0.011936731,-0.001287517,0.005758371,-0.007735445,0.002263351,-0.011626282,1.25e-16,-0.001047903,0.000846924,-0.00159063,-9.77e-05,-0.003957733,7.78e-05,-0.000704357,0.418400885,0.004977995,0.032231473,0.014502291,0.015929716,0.023745581,0.022163138,0.017387286
VAL,JEL,3,VAL_JEL_3.png,0.85134375,0.120567589,1019.26125,0.945124479,1.041136172,1.9593808225,2.24156892625,0.64015019425,0.77888061275,0.79820646725,1793.195193,9.4158825,0.668204545,0.120668178,0.282343221,0.531359785,2.808257034,1,0.003779405,0.129211187,0.007544596,0.032890607,0.032635313,0.015077449,0.063757566,5.55e-17,-0.03260615,-0.003471856,-0.043132297,0.005609702,-0.015511215,0.010371466,-0.028262801,-1.39e-16,-0.013758718,0.002775888,-0.001555196,0.004390109,0.009894999,0.003471111,-0.017887414,0.414920747,-0.002630037,0.034274112,-0.00721241,0.006039547,-0.01830548,0.001312218,-0.014220512
VAL,JEL,4,VAL_JEL_4.png,0.5622984375,0.285685912,613.51625,0.925743625,0.84613273575,1.45521522,1.62629948,0.550292171625,0.666211701875,0.667060914625,1301,4.969365,0.733214075,0.286137611,0.338082381,0.58144852,2.438007451,1,0.027029008,0.138396452,0.027244562,0.071607689,-0.003400085,0.072589364,-0.011668705,4.62e-17,-0.013921714,0.008982427,-0.016112129,0.018996009,-0.011724483,0.023307397,-0.004564769,-9.74e-17,-0.001734018,0.006117548,0.001611578,0.009411055,0.005012452,-0.000715816,-0.006438031,0.470287493,-0.017970441,0.026394084,-0.003552314,-0.018165559,0.024234659,-0.003904962,-0.000479295
VAL,JEL,5,VAL_JEL_5.png,0.9424796875,0.103568803,1153.98625,0.946762305,1.09544621425,2.08531479625,2.31792101125,0.67133255975,0.806933951375,0.857462851125,1854.217355,10.689735,0.653373253,0.103644911,0.275955382,0.525314555,2.703231992,1,0.00890134,0.122947927,0.013555714,0.008413572,-0.00174541,-0.028176661,-0.004412413,5.55e-17,0.029181201,-0.005171866,0.033415446,-0.016822417,-0.002207365,-0.040670652,-0.004259808,-4.16e-17,0.007883209,-0.004810865,-0.005668353,-0.008102228,-0.015501023,-0.01169538,0.012276062,0.409488137,-0.003917338,0.039814605,0.002405434,0.014891856,0.007237479,0.013251584,-0.003335803
VAL,JEL,6,VAL_JEL_6.png,0.62839375,0.255818175,688.7875,0.919645328,0.894480727625,1.51458541625,1.60900590375,0.594853246,0.710942897625,0.713867718875,1287.099452,5.5519825,0.729854999,0.25618019,0.348782297,0.590577935,2.25392725,1,0.032001209,0.110206726,-0.020521276,0.017961916,-0.070376194,0.001788888,-0.081550752,0,0.005273025,0.00361248,-0.00201394,-0.004886062,-0.010804552,-0.002343887,-0.014883509,-5.55e-17,-0.003097382,-0.000333102,-0.009558791,-0.002844128,-0.004467254,0.000988591,-0.001516968,0.479785141,-0.002498331,0.05174329,0.049192729,0.018226849,0.024521105,0.003465995,0.003388975
VAL,JEL,7,VAL_JEL_7.png,1.0079765625,0.090611703,1265.16125,0.953093144,1.132870522,2.2387658875,2.62786421125,0.6776232845,0.82622279625,0.83035403775,2102.274958,11.81935375,0.637374287,0.090671925,0.256060855,0.506024559,3.16475153,1,0.031761231,0.126570494,0.029818768,0.024172677,0.009433565,0.011345222,0.012124874,0,0.033561717,0.011655365,0.044129828,0.01145008,0.038702347,0.005195145,0.075870546,-6.94e-17,0.010907551,0.000113851,0.003843837,0.001967041,0.002493406,-0.001014661,0.024425356,0.384343331,-0.005404552,0.03010891,-0.000107458,0.005496667,0.004258492,-0.001722994,-0.009706234
VAL,JEL,8,VAL_JEL_8.png,0.7141859375,0.196454996,801.33125,0.933149037,0.953587844875,1.688925,1.8592219475,0.6071512115,0.722015215,0.743905273875,1487.334865,6.75502,0.712999462,0.196683478,0.31878706,0.56461231,2.499272438,1,-0.0181361,0.136602457,-0.027255338,0.043220644,-0.041895413,0.007204374,-0.065499575,2.78e-17,0.004441604,-0.01973178,0.014554615,-0.028345956,0.021262748,-0.003442782,0.033602039,6.94e-17,0.000365832,-0.008290374,0.002228664,0.001602154,0.007447925,0.017631253,0.007673357,0.450847799,0.013856895,0.037930664,0.019937914,0.011176162,0.022803187,0.014546157,0.013476938
VAL,JEL,9,VAL_JEL_9.png,1.1102703125,0.078485109,1378.67875,0.958280704,1.1889659655,2.4077911625,2.7305359475,0.688216017125,0.85548688425,0.886758316625,2184.346584,13.329005,0.644251788,0.078531362,0.243837902,0.493799456,3.079233537,1,0.000850195,0.147034009,-0.007752524,0.043578973,-0.02439264,-0.00097816,-0.056180001,-5.55e-17,-0.006832818,-0.01299362,-0.007916616,-0.009349515,-0.006346316,0.012411778,-0.000459771,1.53e-16,0.004041484,-0.005457002,0.001483457,0.002876527,0.000154067,0.006257663,0.00156154,0.376019146,0.002533078,0.028594208,0.003533644,0.014088408,0.010455541,0.008691296,0.017395967
VAL,LGC,1,VAL_LGC_1.png,1.46411875,1,1172.6075,0.019300785,1.365347535,1.36547674375,1.36794611125,1.36522238625,1.36125,1.36692802375,1093.693284,4.28178,0.9988807,1.003546424,0.999810757,0.999905374,1.000744799,1,-0.000426259,-0.000223935,3.83e-05,0.000331007,8.45e-05,-0.001771617,8.65e-06,-1.11e-16,2.93e-05,-4.11e-05,8.56e-06,5.09e-05,4.66e-05,-0.000543796,4.38e-06,-1.11e-16,-4.11e-05,-1.42e-05,-1.75e-08,-3.39e-05,1.51e-05,-0.000541104,1.82e-05,0.999808921,-0.000333118,9.22e-05,8.52e-05,0.000266359,-1.06e-05,0.001736696,-9.78e-05
VAL,LGC,10,VAL_LGC_10.png,2.9127984375,1,2332.17875,0.011533632,1.92579598,1.92586193,1.928685595,1.92573383125,1.92125,1.92788947125,1542.311577,6.04073,0.99916816,1.003093573,0.999931513,0.999965756,1.000412951,1,-0.000189563,-0.000365024,-4.58e-05,0.000341316,0.00015336,0.001296532,-1.57e-05,2.22e-16,-0.000396181,-8.06e-05,-5.72e-05,0.000179832,6.3e-05,-0.001310739,3.22e-06,-2.22e-16,0.000355501,-2.6e-05,-8.87e-05,-0.0001553,-8.88e-05,-0.001290296,-3.23e-05,0.999771893,7.02e-05,0.00016698,0.000279941,0.000304505,0.000171583,-0.001321418,2.97e-05
VAL,LGC,2,VAL_LGC_2.png,1.63925625,1,1312.80125,0.012763626,1.44470269625,1.44476428375,1.4474557425,1.44464659625,1.44,1.44658813625,1157.447623,4.530465,0.998936435,1.003624265,0.999914746,0.999957372,1.00059976,1,-0.000651768,-0.000154455,0.000318702,-0.000120073,-6.05e-05,0.001153711,5.45e-05,-2.22e-16,0.000446197,0.000132754,-8.35e-05,-0.000135547,-9.68e-06,-0.001616327,-7.52e-06,2.22e-16,-0.000217647,6.61e-05,0.000186667,0.000307536,8.29e-05,-0.001397769,9.18e-05,0.999747722,-0.000203229,-2.98e-05,0.000195626,8.46e-05,-9e-05,-0.000977547,-9.81e-05
VAL,LGC,3,VAL_LGC_3.png,1.843753125,1,1476.53,0.00879218,1.53216819875,1.53219964125,1.53469917625,1.53214041875,1.52875,1.53384730125,1227.244067,4.8058325,0.99896548,1.003171934,0.999958958,0.999979479,1.000555385,1,-2.41e-05,-0.000125718,3.79e-05,-5.41e-05,-7.44e-06,0.001885943,-5.33e-06,-1.67e-16,1.15e-05,-9.02e-05,2.11e-05,0.000241043,2.03e-05,0.000125387,1.3e-05,1.11e-16,-0.000123153,-0.00016751,-5.03e-05,-0.000265965,-4.69e-05,0.000107691,9.16e-07,0.999761651,3.62e-06,-0.000127611,2.75e-06,3.18e-05,-7.04e-06,-0.001810968,3.22e-06
VAL,LGC,4,VAL_LGC_4.png,1.9499796875,1,1561.57375,0.011607246,1.57568754875,1.5757421925,1.5786643875,1.57563604,1.5725,1.57716381625,1262.230169,4.9428075,0.998981796,1.002980657,0.999930644,0.999965321,1.000951437,1,-1.95e-05,-0.000205007,1.59e-05,0.000257894,-1.64e-05,-0.001447612,6.21e-07,-1.67e-16,6.42e-05,-6.24e-05,-6.44e-05,8.56e-05,3.08e-05,-0.001072473,1.19e-06,0,3.48e-05,-2.17e-05,1.97e-05,-7.49e-05,-1.96e-05,-0.001046118,-3.87e-06,0.999854082,2.36e-05,7.22e-05,-1.16e-05,0.000217487,-2.33e-06,0.001402011,-7.43e-06
VAL,LGC,5,VAL_LGC_5.png,2.1201,1,1697.7025,0.014393786,1.642983615,1.64307047625,1.64579055875,1.64290026125,1.63875,1.64493635875,1315.949087,5.153595,0.999044297,1.003103251,0.999894272,0.999947135,1.00051929,1,4.94e-05,2.95e-05,6.31e-06,-0.000270191,-7.28e-06,-0.001861712,-5.68e-06,-6.94e-18,-3.85e-06,-1.41e-06,-1.74e-05,1.22e-05,5.89e-06,0.00020171,2.82e-06,3.47e-18,-2.25e-05,-1.43e-05,7.76e-06,-1.61e-05,8.79e-06,0.000196084,-1.53e-06,0.999805094,4.03e-05,-0.000216977,1.33e-06,-0.000303587,1.7e-05,0.001777055,5.08e-06
VAL,LGC,6,VAL_LGC_6.png,2.18588125,1,1750.41125,0.009836389,1.66827768875,1.66831968125,1.67087738875,1.66823897,1.665,1.66996493,1336.160544,5.2335475,0.999025229,1.002868726,0.999949661,0.99997483,1.000546394,1,-6.25e-05,-0.000139959,2.32e-05,0.000206015,-5.03e-06,-0.001400639,-1.15e-05,3.89e-16,-1.54e-05,-5.03e-05,-6.74e-05,8.39e-05,1.78e-05,-0.001253773,1.93e-05,-3.89e-16,0.000107732,-6.05e-06,7.07e-06,-6.14e-05,-1.24e-05,-0.001237664,7.53e-06,0.999861879,-3.18e-05,1.83e-05,-7.46e-06,0.000156864,-1.18e-05,0.001368455,-2.04e-05
VAL,LGC,7,VAL_LGC_7.png,2.558834375,1,2048.88375,0.012027389,1.8049956,1.80506250625,1.80777703625,1.80493194375,1.80125,1.806739565,1445.561828,5.6626575,0.999113542,1.002793364,0.999925869,0.999962934,1.000574223,1,-4.86e-05,8.61e-05,-2.23e-05,-0.000192508,1.17e-05,-0.001704735,-7.29e-07,-1.67e-16,-8.41e-05,7.93e-06,0.000106765,-3.95e-05,-3.38e-05,-0.000618044,-8.02e-07,1.67e-16,-1.05e-05,7.97e-06,-1.9e-05,3.41e-05,1.75e-05,-0.000614394,8.26e-06,0.999976092,-6.29e-05,-6.49e-05,3.79e-06,-0.000180809,-4.8e-06,0.001697093,-1.65e-05
VAL,LGC,8,VAL_LGC_8.png,2.707946875,1,2168.24,0.011195063,1.8568427625,1.8569023,1.85953833375,1.856785935,1.85375,1.85857892875,1486.943846,5.8256225,0.999131784,1.002686866,0.999935876,0.999967937,1.000516203,1,2.02e-05,4.63e-05,1.93e-06,-0.000194479,-5.77e-06,-0.001874976,-2.42e-06,9.45e-17,0.000224943,2.25e-06,-1.11e-05,4.14e-08,4.94e-05,-2.77e-05,-5.29e-05,-9.54e-17,-0.000249448,3.78e-06,1.55e-05,5.35e-07,3.96e-05,-2.63e-05,-1.2e-05,0.999812378,1.23e-05,-0.000195957,5.41e-06,-0.000238774,4.21e-06,0.001820716,1.35e-06
VAL,LGC,9,VAL_LGC_9.png,2.925253125,1,2342.17125,0.015701776,1.929908795,1.93002924625,1.93248423375,1.92979131125,1.92625,1.931729715,1545.436184,6.05477,0.999159434,1.002716162,0.999875186,0.999937591,1.000390592,1,0.000654802,-0.000400894,-0.000119309,5.66e-05,-3.59e-06,0.001393762,0.000130211,1.67e-16,7.17e-05,0.000103594,0.00017205,-0.000152857,-5.86e-06,-0.001149458,-8.06e-05,-1.11e-16,-0.000349001,6.04e-05,-7.15e-05,0.000144082,9.01e-05,-0.001146344,-6.86e-06,0.999270632,0.000479421,-0.000262803,-3.53e-06,4.42e-05,0.000131946,-0.001414904,3.39e-05
VAL,SMC,1,VAL_SMC_1.png,0.508771875,1,407.715,0.010419941,0.804853073875,0.804878827375,0.80751257725,0.80483513125,0.80125,0.80659585875,645.3293733,2.521195,0.998289246,1.005819579,0.999936007,0.999968003,1.001136528,1,0.000567606,-0.000308252,5.55e-05,-5.26e-05,5.8e-05,0.000624828,-0.000102661,-1.39e-16,-0.000145767,0.000300759,0.000161349,-0.000502737,2.47e-05,-0.001513356,-7.95e-05,1.39e-16,-4.37e-05,0.000222249,-0.000103806,0.000376766,0.000100137,-0.00160212,-1.42e-05,0.999209064,0.000468234,-0.000457082,-0.000182308,-0.000343534,-0.000248345,-0.000527178,-6.12e-05
VAL,SMC,10,VAL_SMC_10.png,0.81449375,1,652.53125,0.011006875,1.018354384,1.01838823725,1.02095849575,1.01832654575,1.015,1.019993139375,816.2015682,3.19191,0.998565203,1.004607336,0.999933517,0.999966758,1.000946434,1,0.000261936,0.000104521,-8.2e-05,-0.000590389,0.000242981,0.001821112,1.01e-05,3.33e-16,0.000135352,-0.00021276,2.01e-06,0.000545926,-5.03e-05,0.000418579,5.73e-06,-2.22e-16,-0.000281493,-0.000232344,-7.33e-05,-0.000346971,-9.81e-05,0.000561303,-0.000103634,0.999109472,0.00057934,-0.000891765,0.000357348,-0.00047908,0.00021777,-0.001726525,-3.27e-05
VAL,SMC,2,VAL_SMC_2.png,0.526609375,1,421.985,0.018054136,0.818840571125,0.818911416375,0.821527730875,0.818777942625,0.815,0.8203315745,656.5668283,2.5651825,0.998347098,1.005684863,0.999826985,0.999913489,1.001458138,1,-0.000231091,-0.000404142,1.36e-05,0.000566414,6.14e-05,-0.001709991,3.52e-05,2.78e-16,-2.17e-05,1.96e-05,-1.69e-05,-2.62e-05,-1.78e-05,0.000151651,6.32e-07,-1.67e-16,8.87e-06,1.14e-05,-1.5e-06,1.84e-05,5.08e-06,0.000151062,8.26e-07,0.999720866,-3.94e-05,0.000145742,0.00014536,0.000406007,3.25e-05,0.001704167,-6.73e-05
VAL,SMC,3,VAL_SMC_3.png,0.6014328125,1,481.96,0.022613732,0.8750817335,0.875196903125,0.87779642425,0.874973095,0.87125,0.876427549125,701.5411606,2.7420925,0.998311582,1.005154406,0.999736832,0.999868407,1.001561881,1,-0.000323404,-0.000112377,4.83e-05,0.000276585,8.92e-05,-0.001691391,-3.43e-06,-1.11e-16,-4.63e-05,-2.78e-05,-2.07e-06,6.25e-05,2.98e-05,-0.000746251,1.14e-05,1.67e-16,8.87e-06,2.25e-05,-1.52e-05,-3.73e-05,-9.35e-06,-0.000737947,2.96e-05,0.999679965,-0.000159966,-6.43e-05,0.000122687,0.00018954,3.34e-05,0.001633955,-7.49e-05
VAL,SMC,4,VAL_SMC_4.png,0.6793,1,544.30125,0.023869688,0.93000624875,0.930141727875,0.93289954575,0.929876710375,0.92625,0.93150766825,745.6339585,2.9148575,0.998417696,1.004700972,0.999708713,0.999854346,1.00149422,1,-0.00032988,-5.88e-06,8.2e-05,-0.000546824,-8.85e-05,0.00020906,-4.89e-05,0,-0.000116295,-0.000130204,0.000159149,-0.000130984,0.000127123,-0.001689063,-3.39e-05,0,-0.000567147,-5.5e-05,-0.000496735,2.8e-05,-0.000148718,-0.001830156,-9.72e-05,0.99940296,-0.000274224,-0.000544355,-1.9e-05,-0.000376901,-5.85e-05,-0.000163944,0.000123862
VAL,SMC,5,VAL_SMC_5.png,1.177603125,1,943.20375,0.013161207,1.224488001875,1.22454370275,1.2271167935,1.224437642,1.22,1.226414363875,981.1855074,3.83862,0.998811232,1.004288686,0.999909028,0.999954513,1.000572751,1,0.000454722,-0.000627358,-0.000325931,0.000215881,0.000184218,0.000761008,-2.03e-05,-5.55e-17,0.000346997,0.000251472,0.000223528,-0.00050838,-3.93e-05,-0.001550197,0.000279892,0,-0.000932813,0.000252335,-0.000411131,0.000180263,-0.000205704,-0.001891033,-2.91e-05,0.999350674,5.58e-05,-0.00015315,-2.14e-05,0.000116915,8.19e-05,-0.00085265,-7.22e-05
VAL,SMC,6,VAL_SMC_6.png,0.7163640625,1,573.96125,0.016462353,0.9550408645,0.955109099375,0.9582095935,0.954979669,0.95125,0.956686396625,765.8700934,2.993145,0.998484218,1.004819702,0.999857121,0.999928558,1.001592159,1,-0.000199432,-0.000168558,1.8e-05,-0.000200769,-5.75e-05,0.000971095,2.92e-05,1.11e-16,-0.000123271,-6.88e-05,6.06e-05,0.000174213,3.28e-05,0.001477819,-1.11e-05,-1.67e-16,-6.94e-05,-1.51e-05,-6.46e-05,-0.000261522,-5.74e-05,0.001377316,-5.52e-05,0.99954787,-0.000179793,-0.000168521,-3.58e-05,-7.34e-05,-3.24e-05,-0.00093995,1.82e-06
VAL,SMC,7,VAL_SMC_7.png,1.1043734375,1,884.6525,0.00880378,1.18580434,1.1858295615,1.188365474125,1.185783605875,1.1825,1.187505921,950.0047368,3.7184125,0.998695816,1.003715622,0.999957462,0.999978731,1.000723831,1,9.44e-05,2.03e-05,-2.91e-06,-0.000268497,-1.54e-05,-0.001806425,-7.82e-06,1.67e-16,7.74e-05,1.72e-05,-0.000159279,3.14e-05,4.99e-05,0.000157955,1.83e-06,-1.67e-16,8.17e-05,8.76e-06,3.33e-05,-2.49e-05,-4.04e-05,0.000141617,-5.83e-06,0.999709079,7.08e-05,-0.000258362,9.54e-06,-0.000355027,1.87e-05,0.001733863,1.81e-05
VAL,SMC,8,VAL_SMC_8.png,0.9078109375,1,727.21,0.01388976,1.07510966175,1.075164516875,1.07780230675,1.0750607985,1.07125,1.07663832925,861.5532485,3.3693575,0.998678167,1.004872793,0.999897962,0.99994898,1.001081122,1,0.000296094,7.61e-05,-0.000170612,-0.000139246,-0.000182474,0.001626454,1.39e-05,0,0.000518609,-0.000324597,-0.00022765,0.000507072,0.000347922,-0.000609623,-0.000160687,0,-0.000569974,-0.000310059,-0.000209425,-0.000369411,-8.33e-05,-0.000474037,7.03e-05,0.999693528,-0.000296513,-0.000278383,-0.000440019,-0.000100242,-0.000154416,-0.001594403,4.01e-05
VAL,SMC,9,VAL_SMC_9.png,0.907840625,1,727.25125,0.015441197,1.075127240875,1.07519433825,1.07780230675,1.075066151,1.07125,1.07663832925,861.5532485,3.369585,0.998654179,1.004769966,0.999875194,0.999937595,1.001081122,1,0.000133838,-0.000298431,-3.02e-05,0.000357209,-3.75e-05,-0.001297699,-1.59e-05,-5.55e-17,-6.13e-05,0.000111772,-1.31e-05,-0.000146974,2.74e-05,0.001163911,8.46e-06,1.11e-16,-1.18e-06,4.24e-05,-2.34e-05,9.5e-05,-1.17e-05,0.001154631,1.68e-06,0.999788609,3.27e-05,0.00010922,-0.000127708,0.000276821,-5.59e-06,0.001257937,2.77e-05
